question,answer
O que significa ter uma doença mental?,"Doenças mentais são condições de saúde que perturbam os pensamentos, emoções, relacionamentos e funcionamento diário de uma pessoa. Eles estão associados à angústia e à diminuição da capacidade de se envolver nas atividades comuns da vida diária. É importante saber que as doenças mentais são condições médicas que nada têm a ver com o caráter, a inteligência ou a força de vontade de uma pessoa. Assim como o diabetes é um distúrbio do pâncreas, a doença mental é uma condição médica devido à biologia do cérebro. Da mesma forma que se trata o diabetes com medicação e insulina, a doença mental é tratável com uma combinação de medicação e apoio social. Esses tratamentos são altamente eficazes, com 70-90 por cento dos indivíduos que recebem tratamento experimentando uma redução nos sintomas e uma melhor qualidade de vida. Com o tratamento adequado, é muito possível que uma pessoa com doença mental seja independente e bem-sucedida."
Quem a doença mental afeta?,"Estima-se que a doença mental afete 1 em cada 5 adultos nos Estados Unidos e que 1 em cada 24 adultos tenha uma doença mental grave. A doença mental não discrimina; pode afetar qualquer pessoa, independentemente de sexo, idade, renda, status social, etnia, religião, orientação sexual ou origem. Embora a doença mental possa afetar qualquer pessoa, certas condições podem ser mais comuns em diferentes populações. Por exemplo, os transtornos alimentares tendem a ocorrer com mais frequência no sexo feminino, enquanto transtornos como o transtorno de déficit de atenção/hiperatividade são mais prevalentes em crianças. Além disso, todas as idades são suscetíveis, mas os jovens e os idosos são especialmente vulneráveis. As doenças mentais geralmente atingem os indivíduos no auge de suas vidas, com 75% dos problemas de saúde mental se desenvolvendo aos 24 anos. Isso torna a identificação e o tratamento de transtornos mentais particularmente difíceis, porque a personalidade normal e as mudanças comportamentais da adolescência podem mascarar sintomas de uma condição de saúde mental."
Sinais de alerta de doença mental,"Os sintomas de distúrbios de saúde mental variam dependendo do tipo e gravidade da condição. A seguir está uma lista de sintomas gerais que podem sugerir um transtorno de saúde mental, particularmente quando vários sintomas são expressos ao mesmo tempo. Em adultos: Tristeza ou irritabilidade de longa duração, altos e baixos extremos no humor, medo excessivo, preocupação ou ansiedade, retraimento social, mudanças drásticas nos hábitos alimentares ou de sono, fortes sentimentos de raiva, delírios ou alucinações, incapacidade crescente de lidar com problemas e atividades diárias, pensamentos de suicídio, negação de problemas óbvios, muitos problemas físicos inexplicáveis, abuso de drogas e/ou álcool, medo intenso de ganhar peso. Em crianças menores: Mudanças no desempenho escolar, notas baixas, apesar dos grandes esforços, preocupação excessiva ou ansiedade, hiperatividade, pesadelos persistentes, desobediência, comportamento agressivo."
Pessoas com doença mental podem se recuperar,"Ao se curar de uma doença mental, a identificação e o tratamento precoces são de vital importância. Com base na natureza da doença, há uma variedade de tratamentos eficazes disponíveis. Para qualquer tipo de tratamento, é essencial que a pessoa afetada seja proativa e totalmente engajada em seu próprio processo de recuperação. Muitas pessoas com doenças mentais diagnosticadas e tratadas respondem bem, embora algumas possam apresentar um retorno dos sintomas. Mesmo nesses casos, com acompanhamento cuidadoso e manejo do transtorno, ainda é possível viver uma vida plena e produtiva."
Conheço alguém que parece ter os sintomas de um transtorno mental,"É incentivamos aqueles com sintomas a conversar com seus amigos e familiares e procurar o conselho de um profissional de saúde mental. Quanto mais cedo a condição de saúde mental for identificada e tratada, mais cedo eles poderão entrar no caminho da recuperação. Se você conhece alguém que está tendo problemas, não assuma que o problema se resolverá sozinho. Deixe-os saber que você se importa com eles e que existem opções de tratamento disponíveis que os ajudarão a se curar. Fale com um profissional de saúde mental ou conselheiro se achar que seu amigo ou membro da família está apresentando os sintomas de uma condição de saúde mental. Se o ente querido afetado souber que você o apoia, é mais provável que procure ajuda."
Como posso encontrar um profissional de saúde mental?,Sentir-se confortável com o profissional é fundamental para o sucesso do tratamento. Encontrar o profissional que melhor se adapta às suas necessidades pode exigir pesquisas. Comece pesquisando fornecedores em sua área.
Quais opções de tratamento estão disponíveis?,"Assim como existem diferentes tipos de medicamentos para doenças físicas, diferentes opções de tratamento estão disponíveis para indivíduos com doenças mentais. O tratamento funciona de forma diferente para pessoas diferentes. É importante encontrar o que melhor se adapte para cada situação."
"Se eu me envolver no tratamento, o que preciso saber?","Como o início do tratamento é um grande passo para indivíduos e famílias, pode ser muito avassalador. É importante estar tão envolvido e engajado no processo de tratamento quanto possível."
Qual é a diferença entre os profissionais de saúde mental?,"Existem muitos tipos de profissionais de saúde mental. A variedade de provedores e seus serviços pode ser confusa. Cada um tem vários níveis de educação, treinamento e pode ter diferentes áreas de especialização. Encontrar o profissional que melhor se adapta às suas necessidades pode exigir alguma pesquisa."
O que fazer se o suporte não ajudar?,"Pode ser difícil encontrar as coisas que o ajudarão, pois coisas diferentes ajudam pessoas diferentes. É importante estar aberto a uma variedade de abordagens e estar comprometido em encontrar a ajuda certa e continuar esperançoso, mesmo quando algumas coisas não funcionam."
Você pode prevenir problemas de saúde mental?,"Todos nós podemos sofrer de desafios de saúde mental, mas desenvolver nosso bem-estar, resiliência e buscar ajuda precocemente pode ajudar a evitar que os desafios se tornem sérios."
Curas para problemas de saúde mental,"Muitas vezes é mais realista e útil descobrir o que ajuda com os problemas que você enfrenta. Conversas, aconselhamento, medicamentos, amizades, exercícios, boa noite de sono e nutrição, e uma ocupação significativa podem ajudar."
Causas de problemas de saúde mental,"Desafios ou problemas com sua saúde mental podem surgir de questões psicológicas, biológicas e sociais, bem como de eventos da vida."
O que eu faço se estou preocupado com minha saúde mental?,"O mais importante é conversar com alguém de sua confiança. Pode ser um amigo, colega, membro da família ou clínico geral. Além de conversar com alguém, pode ser útil descobrir mais informações sobre o que você está vivenciando. Essas coisas podem ajudar a ter alguma perspectiva sobre o que você está vivenciando e ser o começo para obter ajuda."
O que devo fazer se estiver preocupado com um amigo ou parente?,Isso pode depender do seu relacionamento com eles. Incentivar gentilmente alguém a procurar o apoio adequado seria útil para começar.
Como posso manter conexões sociais? E se eu me sentir solitário?,"Muitas pessoas estão sozinhas agora, mas não precisamos ficar sozinhas. Estamos juntos nessa. As conexões sociais são uma oportunidade de buscar e compartilhar apoio, conversar sobre sentimentos difíceis, compartilhar uma risada, manter-se atualizado com os entes queridos e ajudar uns aos outros a lidar. Pense nas diferentes maneiras de se conectar que são mais significativas para você. Por exemplo, você pode preferir um bate-papo por vídeo em vez de uma chamada telefônica ou pode preferir enviar mensagens de texto ao longo do dia em vez de um horário definido para uma chamada de vídeo. A qualidade de suas conexões sociais é importante. Percorrer as mídias sociais sem pensar e curtir algumas postagens geralmente não cria conexões sociais fortes. Certifique-se de se concentrar em estratégias que realmente fazem você se sentir incluído e conectado. Se suas estratégias atuais não ajudarem você a se sentir conectado, resolva o problema para ver se consegue encontrar uma solução. Todo mundo se sente solitário às vezes – talvez você tenha se mudado recentemente para uma nova cidade, esteja mudando seu círculo de amigos, tenha perdido alguém importante em sua vida ou perdido seu emprego e também perdeu importantes conexões sociais com colegas de trabalho. Outras pessoas podem ter conexões físicas com outras, mas podem sentir que suas necessidades emocionais ou sociais não são atendidas. Estenda a mão para as conexões que você tem. Procure grupos de apoio da comunidade local e grupos de ajuda mútua nas mídias sociais. Procure grupos de apoio especializados. Os grupos de suporte estão se movendo online e há muitas linhas de suporte diferentes para ligar se você precisar falar com alguém."
Cuidar da minha saúde física,"Cuidar da saúde física também é bom para a saúde mental. É mais importante do que nunca manter-se saudável. Tente comer o melhor que puder. Pode ser mais fácil buscar alimentos e lanches menos saudáveis ​​enquanto você passa mais tempo em casa, mas tente manter uma abordagem equilibrada. Quando você faz um estoque de mantimentos, não ignore frutas e vegetais frescos – ainda temos tudo o que precisamos para preparar os alimentos. O exercício é uma parte importante da saúde mental e bem-estar, controle do estresse e sono saudável. No entanto, é algo que muitas pessoas desistem quando começam a se sentir estressadas ou sobrecarregadas. Se você prefere se exercitar em ambientes fechados, também pode encontrar várias aulas de exercícios online. Você pode tentar ioga, seguir uma aula de barra e trabalhar em seu cardio. Procure rotinas ou aulas de exercícios sem equipamento, se você ainda não tiver equipamento. Dormir mal pode fazer com que até problemas simples pareçam muito piores do que realmente são. O sono ruim pode afetar seu humor, sua perspectiva e sua paciência. Infelizmente, o estresse e a ansiedade podem realmente prejudicar seu sono. Se você está tendo dificuldade para dormir, seja proativo e pratique hábitos de sono saudáveis. "
Como posso usar a distração para gerenciar pensamentos ou sentimentos difíceis?,"A distração é uma ferramenta muito válida para ajudá-lo a lidar quando tudo parece esmagador ou quando você se sente solitário ou isolado. Se você não tiver muita energia ou foco agora, tente distrações de baixo esforço, como assistir TV, navegar no Youtube, ouvir um podcast ou audiolivro, jogar um jogo no telefone, ler um livro ou revista fácil ou trabalhar em um projeto de arte simples. Se você tem mais energia e foco, faça uma lista de tarefas todos os dias: você pode limpar e cuidar de projetos em sua casa, trabalhar em hobbies, conectar-se com a família ou amigos, ler um novo livro e colocar o seu favorito em dia Programas de televisão. Quando os horários normais são interrompidos, é fácil cair em hábitos inúteis. Procure maneiras de manter-se no caminho certo com hábitos mais saudáveis."
Gerenciar o luto,"Enquanto muitas pessoas pensam no luto em termos de perder uma pessoa ou animal de estimação, o luto pode surgir sempre que você perde algo importante. O luto traz à tona sentimentos complicados. Você pode se sentir triste, com raiva, frustrado, com medo ou sem esperança. Você pode ter dificuldade em comer ou dormir, ou se sentir muito tenso. Você pode se sentir sobrecarregado e cansado. Você pode se perguntar se a vida voltará a ser normal novamente. Cada um sofre à sua maneira e no seu próprio tempo. Aqui estão algumas estratégias para tentar enquanto você navega em sua própria jornada. Reconheça e expresse seus sentimentos de forma saudável. Dê um nome aos seus sentimentos e encontre maneiras saudáveis ​​de expressá-los, como conversando com um amigo, escrevendo em um diário ou fazendo arte. Dê a si mesmo o tempo que precisar. O luto segue seu próprio cronograma. Dê a si mesmo permissão para usar esse tempo para cuidar do seu bem-estar. Deixe de lado as expectativas, tarefas ou outras obrigações que podem esperar. Busque apoio. O luto pode parecer muito isolante, mesmo que muitas pessoas estejam passando por algum tipo de perda agora. Entre em contato com amigos ou familiares e compartilhe seus sentimentos. Procure maneiras de ajudar e apoiar uns aos outros. Se cuida. Ignorar a saúde e o bem-estar pode piorar as experiências difíceis. Coma o melhor que puder, tente dormir o suficiente, passe algum tempo ao ar livre se for seguro para você fazê-lo e exercite-se regularmente. Pense em atividades de autocuidado ou estratégias que o ajudaram a lidar com situações desafiadoras no passado e reserve tempo para essas atividades. Conecte-se com um profissional de saúde mental se estiver com dificuldades. Se você está tendo dificuldade em passar o dia, lidando de maneira não saudável ou tendo dificuldade em gerenciar pensamentos ou sentimentos difíceis, é uma boa ideia procurar ajuda de um profissional como um psicólogo ou conselheiro."
Diferença entre antidepressivos,"Existem muitos tipos diferentes de medicamentos antidepressivos, e cada um deles funciona de maneiras diferentes. Os antidepressivos são divididos em “classes” com base no que fazem e em quais mensageiros químicos no cérebro (chamados neurotransmissores) eles influenciam. Cada classe pode conter vários medicamentos diferentes, cada um com formas de trabalho ligeiramente diferentes.  Os antidepressivos não são usados ​​apenas para tratar a depressão – eles podem ser prescritos para tratar outras doenças, como transtornos de ansiedade. Apenas médicos ou psiquiatras podem prescrever antidepressivos. Se o seu médico recomendar que você considere antidepressivos, lembre-se de que a maioria das pessoas precisa experimentar algumas opções diferentes antes de encontrar a medicação certa. Pode ser um processo frustrante, especialmente quando você se sente mal, mas é importante encontrar algo que funcione para você! Os efeitos colaterais e os benefícios podem variar significativamente entre pessoas diferentes, e é difícil prever como um medicamento pode funcionar sem experimentá-lo primeiro. Todo mundo responde a eles de forma diferente. É muito importante ter discussões contínuas com sua equipe de saúde sobre sua medicação para que você possa trazer quaisquer problemas ou preocupações – ou até mesmo perguntar mais sobre como seu antidepressivo específico funciona."
Fazer quando uma pessoa parece doente e não encontrará ajuda,"É difícil quando um filho adulto, irmão, pai, amigo, colega de trabalho ou outra pessoa importante está lutando ou se comportando de maneira que está causando danos. Há dois pontos importantes para se pensar. Primeiro, diagnosticar uma condição de saúde, especialmente quando a verificação de sintomas é tão fácil online, pode ser perigoso. O diagnóstico ainda é sempre melhor deixar para os profissionais que podem ver o quadro inteiro. Lembre-se também de que a pessoa com quem você se importa pode ter uma ideia muito diferente do que está causando suas dificuldades e quais são os impactos negativos em sua vida. Em segundo lugar, exceto em casos raros, a pessoa que está sendo tratada precisa ser um participante ativo em sua própria recuperação para continuar com seu tratamento, assim como faria para qualquer outro problema de saúde. Seja honesto sobre suas preocupações, os impactos que você está vendo que o preocupam, ouça o ponto de vista deles e trabalhe em conjunto para encontrar uma solução que funcione para todos, mesmo que isso signifique um compromisso. Você pode se oferecer para acompanhá-los a uma consulta, incentivá-los a fazer um autoteste de triagem on-line ou envolver alguém próximo a eles que possa estar igualmente preocupado e possa ter mais influência para incentivá-los a perceber mudanças e procurar ajuda . Como você pode estar se sentindo frustrado e desamparado, é importante obter cuidados e apoio para si mesmo durante esse período, especialmente se estiver muito próximo da pessoa com quem está preocupado."
Ajudar um filho ou adolescente com problemas de saúde mental,"Pode ser difícil descobrir o que fazer se você estiver preocupado com um jovem em sua família. Se o seu filho necessitar de serviços mais especializados, como serviços de psiquiatria, o seu médico de família deve fazer um encaminhamento para o seu filho. Muitos médicos de família também podem recomendar serviços ou apoios comunitários na sua comunidade. Se as dificuldades de seu filho afetarem seu desempenho ou comportamento na escola, a escola pode estar envolvida. Se a escola do seu filho tiver um conselheiro, converse com ele sobre os serviços que você pode acessar através da escola."
Tenho pensamentos suicidas ou alguém com quem me importo está falando sobre suicídio. O que devo fazer?,"Se você precisar falar com alguém ou não tiver certeza de como ajudar alguém de quem gosta, Se você corre o risco de se machucar ou acha que outra pessoa está em perigo e precisa de ajuda agora, ligue para o 190. É assustador ter pensamentos suicidas ou ouvir que alguém com quem você se importa tem pensamentos suicidas. Pensamentos de suicídio não significam que alguém vai acabar com sua vida, mas é um sinal de que eles precisam de ajuda ou apoio extra. Se você tiver pensamentos de suicídio, é importante conversar com seu médico ou provedor de serviços de saúde mental. Se você está apoiando outra pessoa, incentive-a a procurar ajuda. Lidar com Pensamentos Suicidas é um bom recurso para ajudá-lo a entender e gerenciar sentimentos difíceis."
Diferença entre saúde mental e doença mental,"“Saúde mental” e “doença mental” estão sendo cada vez mais usados ​​como se significassem a mesma coisa, mas não significam. Todo mundo tem saúde mental, assim como todo mundo tem saúde. Como a Organização Mundial da Saúde disse: “Não há saúde sem saúde mental”. No curso de uma vida, nem todas as pessoas experimentarão uma doença mental, mas todos terão dificuldades ou desafios com seu bem-estar mental (ou seja, sua saúde mental), assim como todos nós temos desafios com nosso bem-estar físico desde tempo ao tempo. Quando falamos sobre saúde mental, estamos falando sobre nosso bem-estar mental: nossas emoções, nossos pensamentos e sentimentos, nossa capacidade de resolver problemas e superar dificuldades, nossas conexões sociais e nossa compreensão do mundo ao nosso redor. Uma doença mental é uma doença que afeta a maneira como as pessoas pensam, sentem, se comportam ou interagem com os outros. Existem muitas doenças mentais diferentes, e elas têm sintomas diferentes que afetam a vida das pessoas de maneiras diferentes. Todos nós temos dias em que nos sentimos um pouco deprimidos, estressados ​​ou sobrecarregados por algo que está acontecendo em nossas vidas. Uma parte importante da boa saúde mental é a capacidade de olhar para os problemas ou preocupações de forma realista. Uma boa saúde mental não é se sentir feliz e confiante 100% do tempo e ignorar quaisquer problemas. Trata-se de viver e lidar bem, apesar dos problemas."
Diferença entre ansiedade e transtorno de ansiedade,"A ansiedade é uma reação normal a muitos tipos diferentes de eventos e situações em nossas vidas. A ansiedade é um dos nossos sistemas internos de alerta que nos alerta para o perigo ou outras ameaças e prepara nossos corpos para revidar ou sair de uma situação perigosa. Uma quantidade gerenciável de ansiedade de tempos em tempos pode ser útil. Por exemplo, pode motivá-lo a se preparar para um teste na escola ou terminar uma tarefa no trabalho. Mesmo eventos felizes, como mudar para uma nova casa ou comemorar um marco importante, podem trazer ansiedade – tudo isso faz parte do ser humano. A ansiedade é um problema quando se torna esmagadora ou incontrolável e surge inesperadamente. Os transtornos de ansiedade são doenças mentais que têm um grande impacto na sua vida. As pessoas podem evitar seguir suas vidas diárias para evitar a ansiedade. Eles podem experimentar muitas sensações físicas desconfortáveis ​​e problemas de saúde física. Muitas pessoas dizem que sabem que sua ansiedade não é baseada na realidade, mas se sentem “presas” por seus pensamentos e sentimentos. Os transtornos de ansiedade podem ser tratados. É importante procurar ajuda se você estiver preocupado com a ansiedade em sua vida."
Diferença entre ansiedade e estresse,"Estresse e ansiedade são frequentemente usados de forma intercambiável, e há sobreposição entre estresse e ansiedade. O estresse está relacionado à mesma resposta de “luta, fuga ou congelamento” que a ansiedade, e as sensações físicas de ansiedade e estresse podem ser muito semelhantes. A causa do estresse e da ansiedade são geralmente diferentes, no entanto. O estresse se concentra principalmente nas pressões externas sobre nós, com as quais achamos difícil lidar. Quando estamos estressados, geralmente sabemos com o que estamos estressados, e os sintomas do estresse geralmente desaparecem após o término da situação estressante. A ansiedade, por outro lado, nem sempre é tão fácil de descobrir. A ansiedade se concentra em preocupações ou medos sobre coisas que podem nos ameaçar, bem como ansiedade sobre a própria ansiedade. Estresse e ansiedade fazem parte do ser humano, mas ambos podem ser problemas se durarem muito tempo ou tiverem impacto em nosso bem-estar ou vida diária."
Diferença entre tristeza e depressão,"A tristeza é uma reação normal a uma perda, decepção, problemas ou outras situações difíceis. Sentir-se triste de vez em quando é apenas outra parte do ser humano. Nesses casos, os sentimentos de tristeza desaparecem rapidamente e você pode seguir sua vida diária. Outras maneiras de falar sobre a tristeza podem ser 'sentir-se para baixo', 'sentir-se para baixo' ou 'sentir-se triste'. em grande medida, provavelmente não é a doença da depressão. A depressão é uma doença mental que afeta seu humor, a maneira como você se entende e a maneira como você entende e se relaciona com as coisas ao seu redor. Também pode ter nomes diferentes, como depressão clínica, transtorno depressivo maior ou depressão maior. A depressão pode surgir sem motivo e dura muito tempo. É muito mais do que tristeza ou mau humor. As pessoas que sofrem de depressão podem se sentir inúteis ou sem esperança. Eles podem se sentir culpados irracionalmente. Algumas pessoas podem experimentar a depressão como raiva ou irritabilidade. Pode ser difícil se concentrar ou tomar decisões. A maioria das pessoas perde o interesse em coisas que costumavam gostar e pode se isolar dos outros. Há também sinais físicos de depressão, como problemas de sono, apetite e energia e dores inexplicáveis. Alguns podem ter pensamentos difíceis sobre a morte ou o fim da vida (suicídio). A depressão dura mais de duas semanas, geralmente não desaparece sozinha e afeta sua vida. É uma doença real, e é muito tratável. É importante procurar ajuda se estiver preocupado com a depressão."
Distimia ou transtorno depressivo persistente (TDP),"A distimia, agora chamada de transtorno depressivo persistente ou TDP, é um transtorno de humor. É depressão relacionada (transtorno depressivo maior). A diferença entre os dois está no número de sintomas e na quantidade de tempo que eles duram. Alguém diagnosticado com TDP experimentaria de dois a quatro dos sintomas abaixo por pelo menos dois anos sem períodos de bem-estar durante esse período, enquanto alguém diagnosticado com transtorno depressivo maior experimentaria cinco ou mais dos sintomas abaixo por pelo menos duas semanas. O TDP envolve um número menor de sintomas que duram muito tempo, muitas pessoas começam a supor que o TDP é apenas parte de sua personalidade, e não uma doença que pode ser tratada com eficácia. Portanto, você certamente deve conversar com um médico ou profissional de saúde mental se achar que pode ter TDP."
Transtorno ciclotímico,"O transtorno ciclotímico é um subtipo do transtorno bipolar. Assim como o transtorno bipolar, os sintomas da ciclotimia incluem três ou mais sintomas de hipomania e cinco ou mais sintomas de depressão. Como o transtorno bipolar, as pessoas podem experimentar bem-estar entre episódios de hipomania e depressão. Os sintomas da hipomania incluem, converse com um médico ou profissional de saúde mental se achar que pode ter transtorno ciclotímico."
Transtorno de personalidade de borderline,"O transtorno de personalidade borderline ou TPB é uma doença tratável. É composto por cinco grupos de sintomas em torno de comportamentos, emoções, relacionamentos, senso de identidade e consciência."
Transtorno de personalidade esquizóide,"Um transtorno de personalidade é um padrão de pensamentos, sentimentos e comportamentos que duram muito tempo e causam algum tipo de problema ou angústia. O transtorno de personalidade esquizóide ou TPE afeta as interações e relacionamentos sociais. Pessoas com TPE podem ter dificuldade em se relacionar com os outros e mostrar emoções. Eles podem evitar relacionamentos íntimos e preferem passar o tempo sozinhos, parecendo distantes até mesmo para familiares próximos. Muitas pessoas não respondem a emoções fortes como raiva, mesmo quando outras tentam provocá-las. Do lado de fora, as pessoas com TPE podem parecer frias ou indiferentes, mostrando pouca emoção. Embora tenham um nome semelhante, o transtorno de personalidade esquizóide não é o mesmo que a esquizofrenia. Acredita-se que o transtorno de personalidade esquizóide seja relativamente incomum. Enquanto algumas pessoas com TPE podem vê-lo como parte de quem são, outras pessoas podem sentir muita angústia, especialmente em torno das interações sociais. Alguns medicamentos podem ajudar as pessoas a controlar os sintomas e a psicoterapia pode ajudar as pessoas a desenvolver novas habilidades e melhorar os relacionamentos."
Transtorno de personalidade antissocial,"Um transtorno de personalidade é um padrão de pensamentos, sentimentos e comportamentos que duram muito tempo e causam algum tipo de problema ou angústia. O transtorno de personalidade antissocial ou TPAS afeta a maneira como as pessoas pensam sobre os direitos dos outros. Alguém com TPAS pode desrespeitar as leis ou expectativas, não sentir remorso quando machucar os outros ou infringir a lei, tomar decisões imprudentes e acreditar que é superior aos outros. As pessoas podem ver alguém com TPAS como excessivamente dramático, impulsivo, manipulador e enganador. Algumas pessoas podem parecer encantadoras, pelo menos na superfície. Como todas as doenças mentais, o transtorno de personalidade antissocial é um espectro. Algumas pessoas podem agir apenas ocasionalmente, enquanto outras podem infringir a lei com frequência e passar muito tempo no sistema de justiça criminal. A TPAS é diagnosticada apenas em adultos, mas as pessoas com TPAS começam a ter problemas de conduta ou comportamentos antissociais em tenra idade. Eles podem ser diagnosticados com transtorno de conduta durante a infância. O tratamento para o transtorno de personalidade antissocial, geralmente psicoterapia, pode ajudar a reduzir os danos do TPAS e ajudar as pessoas a criar empatia em relação aos outros. TPAS é tratável e pode melhorar à medida que a pessoa se aproxima da meia-idade. Todos nós magoamos alguém ou agimos sem pensar na necessidade dos outros. É importante lembrar que o transtorno de personalidade antissocial é um padrão duradouro em torno da falta de empatia e falta de remorso. Apenas um médico ou profissional de saúde mental pode diagnosticar doenças como TPAS."
Transtorno de compulsão alimentar,"O transtorno da compulsão alimentar periódica ou TCAP é um tipo de transtorno alimentar. Envolve episódios de comer muita comida em um curto período de tempo, além do ponto de sentir-se cheio e sentimentos de estar fora de controle ou incapaz de parar de comer. As pessoas que sofrem de transtorno de compulsão alimentar podem comer compulsivamente mesmo quando não sentem fome. Eles podem se sentir temporariamente confortados pela comida e depois se sentirem deprimidos, chateados, culpados ou envergonhados por comerem. Como resultado, muitas pessoas tentam manter os sintomas da compulsão alimentar em segredo. Você não pode dizer se alguém experimenta transtorno de compulsão alimentar apenas pela aparência ou pela maneira como comem perto de outras pessoas. Enquanto muitas pessoas têm a experiência de comer demais algumas vezes e se sentirem desconfortáveis ​​depois, as pessoas que sofrem de transtorno de compulsão alimentar experimentam muitas compulsões por um longo período de tempo. O transtorno da compulsão alimentar periódica é tratável. Converse com seu médico ou um profissional de saúde mental se achar que pode ter transtorno de compulsão alimentar."
Diferença entre transtorno dissociativo de identidade (transtorno de personalidade múltipla) e esquizofrenia,"Às vezes, as pessoas confundem transtorno dissociativo de identidade, anteriormente conhecido como transtorno de personalidade múltipla, e esquizofrenia. Esquizofrenia significa “mente dividida”, mas o nome foi feito para descrever a “divisão” da realidade que você experimenta durante um episódio de psicose, bem como mudanças nos pensamentos, emoções e outras funções. O transtorno dissociativo de identidade, por outro lado, causa uma compreensão dividida ou fragmentada do senso de uma pessoa sobre si mesma. O transtorno dissociativo de identidade é realmente mais sobre identidades fragmentadas do que muitas personalidades diferentes que se desenvolvem por conta própria. A maioria das pessoas vê diferentes partes de seu ser como parte da pessoa como um todo. Para pessoas que vivenciam TDI, fragmentos de identidade podem ter características muito diferentes, incluindo sua própria história, identidade e maneirismos. Uma parte fundamental do TDI é a dissociação – sentir-se desapegado do mundo ao seu redor. As pessoas que experimentam TDI podem ter muitas lacunas inexplicáveis ​​em sua memória, esquecer informações que já aprenderam ou ter dificuldade em lembrar de coisas que disseram ou fizeram. Ao contrário dos retratos de TID na TV ou em filmes, TID pode não ser óbvio para os outros e pode levar muito tempo para chegar ao diagnóstico. A esquizofrenia é uma doença mental grave que causa alucinações (sensações que não são reais) e delírios (crenças que não podem ser verdadeiras, além de outros sintomas como pensamentos confusos, fala confusa e dificuldades para expressar emoções. Pessoas que sofrem de esquizofrenia pode ouvir ou sentir coisas que não são reais ou acreditar em coisas que não podem ser reais, mas essas não são identidades separadas."
Diferença entre psicose e esquizofrenia,"A psicose é uma síndrome ou grupo de sintomas. Alguém passando por um episódio de psicose está tendo uma “ruptura” com a realidade. Os principais sintomas da psicose são alucinações e delírios. Alucinações são sensações que não são reais, como ouvir vozes ou sons que não são reais. Ouvir vozes é uma alucinação comum, mas as alucinações podem ser experiências com qualquer sentido – audição, visão, olfato, paladar ou tato. Delírios são crenças fortes que não podem ser verdadeiras. Delírios comuns incluem a crença de que alguém está seguindo ou monitorando você, ou a crença de que você tem poderes ou habilidades extraordinárias. Outros sintomas de psicose incluem dificuldades de concentração, completar tarefas ou tomar decisões. Os pensamentos podem parecer “embaralhados” ou confusos. Algumas pessoas têm dificuldade em seguir conversas ou falar claramente. A psicose pode até afetar a maneira como as pessoas se movem ou expressam suas emoções. A esquizofrenia é uma doença mental que causa psicose, mas a esquizofrenia também tem outros sintomas. E não é a única causa de psicose. Em alguns casos, outras doenças mentais causam psicose, incluindo depressão, transtorno bipolar, demência e transtorno de personalidade limítrofe. A psicose pode surgir durante períodos de estresse extremo, grande falta de sono ou trauma. As pessoas que estão usando ou se abstendo de certas drogas ou medicamentos podem apresentar psicose. A psicose também pode ser causada por uma lesão cerebral, problema neurológico ou outro problema de saúde. Portanto, embora a psicose possa fazer parte da esquizofrenia, ela também pode ser causada por muitas outras coisas."
Adulto e posso ter TDAH.,"Embora pensemos no transtorno de déficit de atenção/hiperatividade como uma doença que afeta crianças, ele pode durar até a idade adulta – e algumas pessoas não são diagnosticadas até muito mais tarde na vida. O TDAH é diagnosticado como qualquer outra doença mental. Um médico deve avaliar sua saúde mental e iniciar o tratamento, se necessário, ou pode encaminhá-lo para serviços de saúde mental mais especializados. "
Diferença entre uso de substâncias e dependência,"As pessoas tendem a usar a palavra “vício” para significar coisas muito diferentes. “Sou viciado em compras” pode significar apenas que o falante gosta de fazer compras. Por outro lado, “Ele é viciado” pode significar que o falante pensa que a outra pessoa é completamente incapaz de controlar seu próprio comportamento. Quando as pessoas usam a palavra sobre substâncias psicoativas (que alteram a mente), como álcool, tabaco ou outras drogas, geralmente assumem que essas drogas são perigosas e têm o poder de controlar o comportamento humano. A evidência, no entanto, sugere um quadro bem diferente. Embora o uso de substâncias possa contribuir claramente para problemas sociais e de saúde, as substâncias podem ser benéficas para algumas pessoas em algumas situações. Muitas pessoas comemoram uma ocasião especial com uma boa taça de vinho, por exemplo. Algumas pessoas usam o tabaco como um poderoso símbolo em cerimônias culturais e espirituais. De fato, as substâncias têm sido usadas pelos humanos ao longo da história por vários motivos: para se sentir bem, para se sentir melhor, para melhorar o desempenho, por motivos culturais/espirituais e para ter novas experiências. O uso de substâncias é mais complicado do que apenas “bom” ou “ruim”. É útil pensar no uso de substâncias ao longo de um continuum, do uso benéfico ao uso prejudicial. No meio do continuum, o uso de substâncias pode ser benéfico e prejudicial. Você tem uma noite agradável com os amigos, mas se sente um pouco doente no dia seguinte. No extremo, algumas pessoas desenvolvem dependência – elas precisam usar continuamente a droga para se sentirem normais e continuarão usando mesmo quando isso levar a dificuldades financeiras, problemas em casa ou no trabalho, problemas de saúde ou problemas legais. Em geral, o uso de substâncias é um problema quando causa problemas para você ou para os outros – e quanto uso causa problemas será diferente para pessoas diferentes em situações diferentes. A razão pela qual uma pessoa usa uma substância influencia o risco de desenvolver problemas. Por exemplo, se uma pessoa usa uma substância para se divertir, apenas o uso social ocasional pode ocorrer. Mas quando uma pessoa usa uma substância para lidar com um problema de longo prazo, como ansiedade social, pode ocorrer um uso mais duradouro e intenso. Gerenciar nosso risco envolve estar ciente de por que estamos usando e quais impactos nosso uso está causando em nós mesmos e nas pessoas ao nosso redor. A sabedoria de nossos ancestrais sugere um princípio orientador – não muito, nem com muita frequência, e apenas em contextos seguros."
Bebendo demais,"Resolver se você está bebendo demais pode ser complicado. Você é único e sua relação com o álcool é única. Ninguém tem a mesma combinação de experiências de vida e influências que você. Portanto, mesmo que você e seu amigo decidam beber, como e por que você usa álcool pode ser diferente. Aqueles de nós que bebem, buscam benefícios do álcool, não dificuldades. Mas às vezes começamos a usar mais e com mais frequência do que faz sentido. Como regra geral, o consumo de álcool se torna um problema quando afeta negativamente nossa vida ou a vida de outras pessoas. Muitas pessoas imaginam que isso se refere a pessoas que consomem álcool “o dia todo, todos os dias”. Mas mesmo beber demais em uma única ocasião pode levar a um problema, por exemplo, tomar uma decisão ruim, como dirigir com deficiência. O que também é importante reconhecer é o potencial de consequências negativas relacionadas ao consumo de álcool em vários contextos (ou seja, lugares, horários e atividades) e ao longo do tempo (por exemplo, lidar com problemas crônicos). Todo uso de álcool envolve algum risco. As razões pelas quais as pessoas usam álcool podem influenciar o risco de desenvolver problemas. Por exemplo, se uma pessoa usa álcool para melhorar celebrações especiais, apenas o uso social ocasional pode ocorrer. Mas quando uma pessoa bebe para lidar com um problema de longo prazo, como ansiedade social, pode ocorrer um uso mais duradouro e intenso. Ao refletir sobre seu padrão de consumo, você pode gerenciar seu risco de lesões imediatas ou morte, suas chances de consequências de longo prazo para a saúde, como câncer ou doenças cardíacas, e seu risco de desenvolver padrões habituais de consumo que podem levar a esses danos. Sempre que você decidir beber álcool, é útil saber quais medidas você pode tomar para garantir que seu comportamento de beber seja o mais recompensador e menos prejudicial possível. A seguir estão algumas diretrizes úteis a serem consideradas. Não muito. Gerenciar o quanto você bebe em uma determinada ocasião ajuda a diminuir os comportamentos de risco. Dica: Beba devagar e alterne entre bebidas não alcoólicas e alcoólicas. Não com muita frequência. Beber com moderação ajuda a reduzir os danos a nós mesmos e aos outros ao longo do tempo. Dica: Mantenha menos álcool em casa e estabeleça limites de quanto você vai beber a cada semana, evitando beber em alguns dias. Apenas em contextos seguros. Tomar decisões informadas sobre onde você bebe ajuda a minimizar os danos relacionados ao álcool. Dica: Se for a um bar, hospede-se em grupo e escolha um estabelecimento bem iluminado e próximo a opções de transporte seguras."
O que é saúde mental?,"Manter a saúde mental em dia envolve uma busca constante pela qualidade de vida através de autocuidado, relacionamentos saudáveis, hábitos estimulantes e manter uma rede de apoio sólida ao seu redor. Além disso, cuidar da saúde mental também contribui para a saúde física, considerando que problemas como a depressão, ansiedade e estresse podem ser associados a baixa imunidade, insônia e outras doenças."
Importância do cuidar de si mesmo,"Tudo isso mostra como manter a saúde mental em dia é importante. Incluir na rotina algumas atividades de autocuidado tem potencial para promover uma vida mais saudável tanto na questão física quanto mental. Com isso, é possível diminuir os níveis e efeitos do estresse no dia-a-dia, diminuir o risco de doenças e ter mais disposição para lidar com nossas tarefas e responsabilidades. Cuidar de si mesmo é o primeiro passo para cuidar dos outros, por isso, quando se pensa em cuidar da sua família, lembre-se que quanto mais saudável estiver, mais poderá fazer por eles. O segredo é se apoiar em atividades simples, mas que somadas estimulam o corpo e a mente a se manterem elevados."
Problemas com o sono,"Se você sofre com insônia ou dorme demais, é bom ficar atento: as alterações nos padrões de sono são um sintoma de que sua saúde mental precisa de cuidado. É claro que na hora de fazer uma autoavaliação é preciso considerar a frequência dos problemas com o sono, afinal, é bem comum ter uma noite mal dormida depois de um dia estressante no trabalho ou quando se tem muitas preocupações. E cuidar do sono é essencial, pois uma noite bem dormida melhora diversos aspectos da nossa saúde, contribuindo, por exemplo, para a limpeza de toxinas no corpo, a formação de memórias e aprendizados, entre outros"
Isolamento,"Querer manter distância de pessoas importantes e que fazem sentido para a sua vida também é algo que você precisa observar se tem acontecido e de que forma (não é o caso, por exemplo, do isolamento social impulsionado pela pandemia). Avalie também quais desculpas se tem dado para se manter sozinho. O isolamento neste caso é você querer parar de interagir com sua família e amigos e se manter isolado. E essas interações podem ser evitadas também via mensagens, ligações, chamadas de vídeo e claro, presencialmente. Dificuldades para sair da cama e fazer as coisas no seu dia a dia ou perder o interesse em atividades que antes te davam muito prazer também precisam ser observadas, pois elas podem indicar que a sua saúde mental precisa de cuidados"
Variação de humor,"Se independente do que acontecer no seu dia, seu humor oscila com facilidade, fique atento: sua saúde mental está deixando um recado. Observe também se você tem apresentado expressões exageradas de raiva, frustração ou tristeza sem motivo aparente, se tem tido dificuldades para superar determinados sentimentos e se tem uma sensação constante de que perdeu o controle da sua vida"
Alterações no apetite,"Tem comido demais ou sentido zero fome? Dependendo da situação, vale a pena olhar um pouco mais de perto esses sintomas, isso porque, por exemplo, é comum sentir menos fome pela manhã se no dia anterior sua última refeição foi um pouco mais pesada. Além disso, caso perceba que esses sintomas são recorrentes, é ideal procurar um médico. Depressão, ansiedade, estresse, falta de dormir e uso frequente de remédios, por exemplo, são situações que podem provocar alterações no apetite e precisam ser investigadas por um profissional de saúde"
Mudanças de comportamento,"Um dos sinais mais claros de que a saúde mental não vai bem é a presença de comportamentos incomuns. Por exemplo: se você geralmente é uma pessoa comunicativa e agora tem se mantido mais quieta, ou até mesmo o inverso: uma pessoa extremamente introvertida que fica “repentinamente” extrovertida. É bom observar também seu nível de interesse nas atividades e tarefas que geralmente curtia fazer- esse inclusive é um dos principais sintomas de pessoas com depressão"
Dores repentinas e inexplicáveis,"Quando a saúde emocional não está bem, é possível ainda observar a presença de dores físicas inexplicáveis, que podem se apresentar desde uma dor no peito, à dores nas costas, dores de cabeça, na região da lombar, problemas digestivos e outros. Elas são fáceis de identificar porque, geralmente, aparecem “sem motivo aparente” e do nada. Em rastreios médicos por exames, não é incomum que essas dores não sejam identificadas nos exames. Neste caso, é importante ser sincero com o médico em como se sente para além da dor física, de forma que ele te oriente sobre a necessidade de terapia"
Esquecimento frequentes,"Estresse mais uma noite mal dormida não dá outra: a saúde mental é impactada, trazendo consigo lapsos e esquecimentos constantes. Sabe aquele famoso “branco” na hora de uma reunião importante ou os lapsos de memória de um objeto que você acabou de guardar? Eles indicam um esgotamento mental. É hora de parar e cuidar disso, não acha?"
Cansaço que não passa,"Condições que mantêm o cérebro alerta têm o potencial de provocar cansaço mental, pois o estresse drena a energia, deixando uma sensação de esgotamento. Bombardeio de informações e estímulos como redes sociais, acúmulo de tarefas de trabalho, notícias, demandas pessoais, a combinação entre tantos estímulos mentais torna quase impossível se desligar dos acontecimentos. Quem sofre com essa hiper estimulação é o cérebro, que não consegue descansar para repor as energias. Indivíduos com depressão, por exemplo, sentem uma desmotivação profunda e contínua, alimentada pela perda de interesse em atividades prazerosas. Já o burnout pode ser definido como esgotamento generalizado, relacionado ao excesso de trabalho e despersonalização do paciente. Quem sofre com essa hiper estimulação é o cérebro, que não consegue descansar para repor as energias.Indivíduos com depressão, por exemplo, sentem uma desmotivação profunda e contínua, alimentada pela perda de interesse em atividades prazerosas. Já o burnout pode ser definido como esgotamento generalizado, relacionado ao excesso de trabalho e despersonalização do paciente."
Pensamentos acelerados e constantes,"A Síndrome do Pensamento Acelerado é uma alteração, onde a mente fica repleta de pensamentos, estando completamente cheia durante todo o tempo em que a pessoa está acordada, o que dificulta a concentração, aumenta a ansiedade e desgasta a saúde física e mental. Assim, o problema desta síndrome não está relacionado com o conteúdo dos pensamentos, que geralmente são interessantes, cultos e positivos, mas sim com a sua quantidade e a velocidade com que acontecem dentro do cérebro. Normalmente, esta síndrome surge em pessoas que precisam se manter constantemente atentas, produtivas e sob pressão e, por isso, é comum em executivos, profissionais de saúde, escritores, professores e jornalistas. No entanto, tem se observado que até mesmo as crianças tem demonstrado essa síndrome."
Dificuldade de concentração,"A dificuldade de concentração pode ter diversas causas. É natural que, após uma noite de sono mal dormida, ou depois de uma semana de ritmo acelerado e trabalho atípico, nos sintamos um pouco desconectados das nossas habilidades. Nestes casos, o problema tende a abrandar um pouco quando descansamos, dormimos e tiramos um tempo ocioso. Por sua vez, isso permite que reorganizemos os nossos pensamentos, acalmemos o nosso corpo e ganhemos mais foco. Quando a falta de concentração torna-se uma situação diária, no entanto, é preciso estar atento. Há quadros clínicos que têm como sintoma a dificuldade de concentrar-se nas atividades múltiplas. Isso pode causar danos à autoestima, relacionamentos interpessoais e no trabalho. Confira algumas das causas mais comuns da baixa concentração abaixo."
Burnout,"Também chamada de Síndrome do Esgotamento Profissional, é um distúrbio de ordem emocional, caracterizado por esgotamento físico e mental, estresse intenso, exaustão e instabilidade emocional. Como o nome sugere, é uma doença que está atrelada ao excesso de trabalho. Pode acontecer após meses de rotina intensa e é mais comum em trabalhadores que estão submetidos a cargas intensas e altas cobranças. Por conta disso, tendem a deixar de lado a vida pessoal e o lazer. A Síndrome de Burnout causa perda de foco, esquecimento, dificuldade de memorização, irritabilidade e, às vezes, pode engatilhar quadros de choro, explosão emocional ou pânico. Quando não tratada, pode ser responsável por quadros de depressão severa."
Cansaço mental,"O fluxo constante de trabalho e de informações gera desgaste emocional e físico. É como se o indivíduo tivesse uma rotina tão agitada, que precisasse que o dia tivesse 25 horas para dar conta de todas as tarefas, sem falar nas poucas horas de sono. Porque dormir tarde significa ter mais tempo para executar algum trabalho. Identificar os primeiros sinais de cansaço mental é fundamental para o tratamento precoce. Cuidar do cérebro, que consome 20% de toda a energia corpórea, é primordial para evitar a estafa mental. Para isso é preciso ter alguns cuidados diários, como manter em equilíbrio as tarefas profissionais e pessoais; ter uma alimentação equilibrada; uma boa noite de sono; praticar atividade física; respeitar os momentos de descanso e os fins de semana, entre outras ações. São iniciativas simples, que exigem disciplina, comprometimento e atenção com a saúde física e mental."
Perda de interesse,"A anedonia, perda da capacidade de sentir prazer, pode acompanhar diversos quadros. A anedonia está relacionada a baixos níveis de serotonina, dopamina e adrenalina no sistema nervoso. Em geral, causa não apenas ausência de interesse em trabalhar, conversar, sair de casa e até mesmo comer, mas também dificuldade de desenvolver relações de afeto. O paciente também pode sofrer perda de autoestima e de valor pessoal. Outros elementos importantes no sentido individual, como a proximidade com parentes e a libido, também deixam de provocar sentimentos ou reações prazerosas.  A terapia, aliada à utilização de medicamentos – que devem ser definidos apenas por um especialista -, pode fazer imensa diferença no bem-estar e na qualidade de vida da pessoa com falta de interesse pela vida."
Sensação de incapacidade,"O sentimento de incapacidade é um estado emocional causado pela insegurança. Pessoas inseguras perdem diversas oportunidades de crescer em sua carreira justamente por acreditarem que não são boas o suficiente para realizar determinado trabalho. Dicas para superar o complexo de inferioridade são pare de se comparar, a comparação nunca é positiva e não vai fazer você se sentir melhor. Tenha em mente que as pessoas são diferentes e, por isso, possuem necessidades, habilidades, desejos e histórias de vidas diferentes. Mude o foco, ninguém é perfeito. Se você enxergar somente suas imperfeições, nunca se sentirá capaz e confiante. Tire o foco do que está errado e tenha consciência do seu potencial, das tarefas que realiza bem e dos seus dons. Toda vez que se criticar por algo, lembre-se de encontrar pelo menos uma qualidade positiva. Valorize suas conquistas, escreva sobre seus sucessos ao longo da vida, as realizações das quais se orgulha e memórias queridas. Quando se sentir incapaz de fazer alguma coisa, veja sua lista e lembre-se de como você é uma pessoa capaz e fantástica. Desenvolva sua Inteligência Emocional, o complexo de inferioridade está enraizado no desejo de ser como outra pessoa, por falta de amor próprio. Se você quer começar a se amar, precisa olhar para você e para sua história de vida."
Problemas de memória,"Assim como a saúde mental, existe também um outro fator que pode afetar o cérebro que é a perda de memória. Da mesma forma que o corpo, o cérebro também precisa de estímulos para se manter ativo e saudável. E para quem sofre com a perda de memória e de concentração, uma das soluções podem ser os exercícios neuróbicos. Exemplos de exercicios são colocar o relógio de pulso no braço que não é o dominante, escrever com a mão não dominante, tomar banho com a luz apagada, ler de cabeça para baixo, realizam um esforço neurológico maior, que favorece o processo de fortalecimento e criação de novas redes neurais. Ou seja, “tudo o que a gente fizer que for diferente do normal vai favorecer esse processo”."
Tristeza sem motivo aparente,"Em alguns momentos, a tristeza pode estar associada a questões do nosso inconsciente. Ela pode se manifestar quando recebemos estímulos externos que nos afetam sem que nosso lado racional perceba. Nesses casos, a tristeza pode acontecer por conta de sentimentos como o de saudades, raiva, sono e até fome. É um sentimento normal que não afeta nossa produtividade. Mesmo tristes conseguimos fazer as tarefas simples do dia a dia. A tristeza comum basicamente é um sentimento passageiro. Nos sentimos sem ânimo, insatisfeitos e até com vontade de chorar. Porém, essa é apenas uma situação ruim, que deve melhorar em um ou dois dias. Já na depressão a intensidade, a duração e o impacto do sentimento de tristeza são bem maiores. Além disso, a depressão inclui não só a tristeza, mas também angústia, apatia, pensamentos pessimistas, choro, problemas com sono. Só um profissional pode avaliar se há realmente um quadro de depressão e, consequentemente, a necessidade do uso de medicamentos, combinado com a psicoterapia."
Falta de paciência e irritação,"A irritabilidade é o estado emocional ou reação ocasionados por estímulos que provoquem raiva ou frustração, irritabilidade também causa sintomas emocionais. Dentre os principais estão: Intolerância e impaciência: pessoas irritadas costumam ter um baixo nível de tolerância e paciência. Por isso, qualquer mínimo motivo pode tirá-las do sério. Surto emocional: a irritabilidade excessiva pode fazer a pessoa passar do limite. Ou seja, gerar descontrole emocional, reações exageradas e atitudes extremistas. Raiva e agressividade: o indivíduo muito nervoso e irritado pode se tornar agressivo em todos os sentidos. A raiva pode dificultar o raciocínio lógico e resultar em comportamentos rudes, que podem envolver até o uso da força física. Pensamentos negativos: a pessoa irritada entra em um ciclo vicioso, pois a irritação constante gera pensamentos negativos. Quanto mais negatividade, maior é a tendência a desenvolver falta de paciência e irritabilidade."
Problemas digestivos,"Problemas gastrointestinais também podem provocar ansiedade, tornando ainda mais difícil vida de quem sofre com os sintomas. Mostrar como essas condições estão interligadas pode ajudar quem sofre com elas, pois, em muitos casos, o tratamento psicológico pode melhorar os sintomas digestivos. É pela forte conexão entre intestino e cérebro que o trato gastrointestinal é tão sensível à emoção. Por essa comunicação entre as duas áreas distintas do organismo, é comum que a ansiedade, quando exacerbada, desencadeie ou agrave problemas como azia, indigestão, prisão de ventre, gases e diarreia – sintomas que atrapalham o dia a dia de quem convive com o quadro. Se você está estressado ou ansioso, isso pode fazer seu intestino desacelerar ou acelerar. Para uma digestão saudável, você precisa de bastante fibra, líquidos e exercícios regulares. Alimentos saudáveis para o intestino incluem, por exemplo, frutas, vegetais e grãos integrais e leguminosas, além do consumo de bastante água."
"Dor de cabeça constante, enxaqueca","Tanto a enxaqueca quanto esses transtornos mentais podem estar relacionados a diversas alterações neuroquímicas no cérebro. Por exemplo, a baixa de serotonina, que é observada em pacientes depressivos e também é vista nos indivíduos durante uma crise desse tipo de dor de cabeça. Por isso, os pacientes com depressão e ansiedade e que possuem predisposição genética têm maior chance e terem crises de enxaqueca. Assim como os transtornos mentais podem desencadear a enxaqueca, eles também podem ser consequências dessa intensa dor de cabeça frequente. Por ser uma doença muito incapacitante, a enxaqueca costuma despertar sentimentos de impotência e de tristeza. Isso porque, as dores intensas atrapalham a execução de tarefas e prejudicam demais a qualidade de vida. É muito comum que os enxaquecosos possuam indícios de depressão e ansiedade. As crises podem aparecer em momentos inesperados e afetam diretamente o desempenho no trabalho e estudos, por exemplo. Por isso, é importante aprender a manejar melhor os sentimentos, comportamentos e hábitos de vida. Assim, é mais fácil de evitar os gatilhos emocionais que podem causar essa dor de cabeça intensa."
Comportamento incomum,"Comportamentos incomuns podem ser um sinal de alerta da sua saúde mental, transtorno de humor é a segunda doença mais comum entre todos os transtornos mentais, sendo um sinal de que a sua saúde mental como um todo não anda muito bem. Atitudes como se isolar de todos, evitar sair com os amigos, de participar de festas; podem não ser um bom sinal e podem ser sintomas relacionados à depressão, transtorno bipolar, ansiedade, entre outros. Os maiores sinais de alerta de uma doença mental é a mudança de comportamento, como nos casos que uma pessoa que é bem falante e, do nada, passa a ficar calada ou uma pessoa que seja considerada como introvertida, começa a ficar de uma hora para outra, estranhamente extrovertida."
